no,code,name,cat,mat,ct,price
1,DP0141,DIAMONDS CROSS PENDANT NECKLACE,PD NECKLES,PT950,0.55ct,400000
2,DPC0479,DIAMONDS CROSS PENDANT NECKLACE,PD NECKLES,PT950,0.45ct,460000
3,JP4455,DIAMONDS CROSS PENDANT NECKLACE,PD NECKLES,PT950,0.20ct,190000
4,JP4776,DIAMONDS FLOWER PENDANT NECKLACE,PD NECKLES,K18PG,0.55ct,410000
5,DP0552,DIAMONDS PENDANT NECKLACE,PD NECKLES,PT950/K18YG,0.18/0.12,260000
6,DP0594-M,YELLOW DIA PANDANT NECKLACE,PD NECKLES,PT950/K18YG,YD0.20/D0.12,290000
7,DP0586,YELLOW DIA PANDANT NECKLACE,PD NECKLES,PT950/K18YG,D0.13/YD0.10,260000
8,DP0562,PINK DIA PANDANT NECKLACE,PD NECKLES,PT950/K18PG,D0.08/PD0.04,260000
9,DP0491,DIAMONDS TREAT BLUE DIAMONDS PENDANT NECKLACE,PD NECKLES,PT950,0.40/D0.38,410000
10,JPC5378,EMERALD DIA PENDANT NECLLACE,PD NECKLES,PT950,D0.48/E0.46,390000
11,DP0577,DIAMONDS PENDANT NECKLACE,PD NECKLES,PT950,0.50ct,390000
12,JP5401,DIAMONDS HORSE SHOE PENDANT,PENDANT,PT950,0.20ct,100000
13,JP5401,DIAMONDS HORSE SHOE PENDANT,PENDANT,K18YG,0.20ct,110000
14,DP0556,DIAMONDS PENDANT,PENDANT,PT950,0.20ct,100000
15,JP5169,ROSE CUT DIAMONDS PENDANT,PENDANT,K18YG,0.40ct,220000
16,JE1712A,TREAT BLUE DIAMOND PIERCE,PIERCE,PT950,0.08/0.06,90000
17,DE0159,DIAMONDS PIERCE,PIERCE,PT950,0.60ct,470000
18,DE0157,DIAMONDS PIERCE,PIERCE,K18WG,0.34ct,540000
19,DE0148,YELLOW DIAMONDS EAR CUFF,EAR CUFF,K18WG/K18YG,0.30ct,220000
20,260899,12-13mm BLACK PEARL PENDANT 0.74g,PENDANT,K18WG,0.08ct,170000
21,260898,15-16mm BLACK PEARL PENDANT 3.04g,PENDANT,K18WG,0.26ct,500000
22,260905,11-12mm BLACK PEARL PENDANT 0.81g,PENDANT,K18WG,0.06ct,170000
23,260900,11-12mm BLACK PEARL PENDANT 0.74g,PENDANT,K18WG,0.08ct,155000
24,260895,12-13mm BLACK PEARL PENDANT 2.15g,PENDANT,K18WG,0.22ct,295000
25,260906,12-13mm BLACK PEARL PENDANT 1.0g,PENDANT,K18WG,0.11ct,200000
26,260918,13-14mm WHITE SOUTH SEA PEARL PENDANT,PENDANT,K18WG,0.33ct,570000
27,258459,SKL12mm WHITE SOUTH SEA PEARL PENDANT 1.3g,PENDANT,K18WG,0.10ct,335000
28,289389,SSP 12mm WHITE SOUTH SEA PEARL PENDANT,PENDANT,K18WG,0.30ct,420000
29,289394,SKL12.9mm WHITE SOUTH SEA PEARL PENDANT,PENDANT,K18WG,0.11ct,420000
30,251257,WHITE SOUTH SEA PEARL PENDANT,PENDANT,K18YG,,210000
31,288436,FWP 12.1mm FRESHWATER PEARL PENDANT,PENDANT,K18WG,0.10ct,170000
32,288435,FWP 12.2mm FRESHWATER PEARL PENDANT,PENDANT,K18WG,0.10ct,170000
33,273331,3-4.5mm AKOYA PEARL PIERCE,PIERCE,K18YG,0.09/0.09,335000
34,227002,HANA-P-4 6.5mm AKOYA PEARL PIERCE,PIERCE,K18WG,,105000
35,224325,HANA-P-3WG 6.5-7mm AKOYA PEARL PIERCE,PIERCE,K18WG,,120000
36,249133,TP-P-1 AKOYA PEARL PIERCE,PIERCE,K18WG,,150000
37,271594,AKOYA PEARL RING,RING,K18YG,,85000
38,277336,STR0228-91P10mm BLACK PEARL RING,RING,PT900/PT850/K18WG,,130000
39,294356,2.5-3mm FRESHWATER PEARL NECKLACE CBC1S 45cm,NECKLES,K18YG,,140000
40,294355,2.5-3mm FRESHWATER PEARL NECKLACE CBC1S 45cm,NECKLES,K18YG,,140000
41,294357,2.5-3mm FRESHWATER PEARL NECKLACE CBC1S 45cm,NECKLES,K18YG,,140000
42,254956,BLP10B PEARL NECKLACE,NECKLES,K18WG,,355000
43,252119,FAN-XLIN PEARL NECKLACE,NECKLES,K18WG,,250000
44,212684,AKOYA 4mm 3P RING,RING,PT850,,100000
45,716300,7.5-8mm AKOYA RING,RING,PT850,,126000
46,KFPH00040,AKOYA PIERCE,PIERCE,K18YG,,85000
47,682525-976,8-8.5mm AKOYA PIERCE,PIERCE,K18WG,,150000
48,BKL1PA1P,BLACK PEARL PIERCE,PIERCE,K14WG,,85000
49,275657,FRESHWATER PEARL NECKLACE,NECKLES,K18WG,,380000
50,ABLP7500P-PT,DIAMONDS PENDANT NECKLACE,PD NECKLES,PT900,2.0,555000
51,ABLP2026006N-WG,DIAMONDS NECKLACE,NECKLES,K18WG,2.0,1280000
52,ABLP23040044P-PT,DIAMONDS PENDANT NECKLACE,PD NECKLES,PT900/K18,D0.13/0.12/PPS0.192,260000
53,ABLMKY48-LR09YG,DIAMONDS PENDANT NECKLACE,PD NECKLES,K18YG,0.07ct,220000
54,ABLP06148P-WG,DIAMONDS RUBY PINK SAPPHIRE PENDANT NECKLACE,PD NECKLES,K18WG,D0.20/R0.20/PS0.25,230000
55,ABLMTV0241P-PT,DIAMONDS PENDANT NECKLACE,PD NECKLES,PT950,0.35/0.22,355000
56,ABLM2208064P-PT,DIAMONDS PENDANT NECKLACE,PD NECKLES,PT950,0.32/0.52,395000
57,AB2604K828P-60,DIAMONDS PENDANT NECKLACE,PD NECKLES,K18YG,0.83ct,410000
58,ABLP58300P-PT1,DIAMONDS PENDANT NECKLACE,PD NECKLES,PT900,2.00ct,630000
59,ABLP1410P-PT,DIAMONDS PENDANT NECKLACE,PD NECKLES,PT900,0.244/0.28,270000
60,ABLPR0800P-WG,DIAMONDS PENDANT NECKLACE,PD NECKLES,K18WG,0.30ct,275000
61,ABLM20180BL-PG,DIAMONDS BRACELET,BRACELET,K18PG,1.88ct,400000
62,ABLMGG-1475P-LUMI025,DIAMONDS PENDANT NECKLACE,PD NECKLES,PT950,0.352/0.55,600000
63,ABLP277067P-PT,DIAMONDS PENDANT NECKLACE,PD NECKLES,PT900,0.32ct,285000
64,ABLMGG-1405P-LUMI025,DIAMONDS PENDANT NECKLACE,PD NECKLES,PT950,0.35/0.17,485000
65,ABLMTV0476P-PT,DIAMONDS PENDANT NECKLACE,PD NECKLES,PT950,0.72ct,450000
66,ABLP00555P-YG,PENDANT NECKLACE,PD NECKLES,K18YG,,445000
67,ABLP00549P-YG,PENDANT NECKLACE,PD NECKLES,K18YG,,445000
68,ABLMTV0600P-PT,DIAMONDS PENDANT NECKLACE,PD NECKLES,PT950,0.80ct,275000
69,ABLMTV0261P-PT01,DIAMONDS PENDANT NECKLACE,PD NECKLES,PT950,0.70ct,375000
70,ABLMTV0372P-PT,DIAMONDS PENDANT NECKLACE,PD NECKLES,PT950,0.45ct,295000
71,ABLMTV0395P-YG,DIAMONDS PENDANT NECKLACE,PD NECKLES,K18YG,0.50/0.07,325000
72,ABLMTV0149P-PG,DIAMONDS PENDANT NECKLACE,PD NECKLES,K18PG,0.50ct,235000
73,ABLMTV0395P-PT,DIAMONDS PENDANT NECKLACE,PD NECKLES,PT950,0.5/0.07,325000
74,ABLMTV0514P-PT,DIAMONDS PENDANT NECKLACE,PD NECKLES,PT950,2.00ct,500000
75,ABLMTV0413P-PT,DIAMONDS PENDANT NECKLACE,PD NECKLES,PT950,0.30ct,225000
76,ABLMTV0470P-PT07,DIAMONDS PENDANT NECKLACE,PD NECKLES,PT950,0.322/0.05,300000
77,ABLMTV0394P-PT,DIAMONDS PENDANT NECKLACE,PD NECKLES,PT950,0.10/0.3,250000
78,ABLP29403P-PT,DIAMONDS PENDANT NECKLACE,PD NECKLES,PT900,0.48ct,185000
79,ABLMTV0146P-WG,DIAMONDS PENDANT NECKLACE,PD NECKLES,K18WG,0.35/0.02,295000
80,ABLMTV0413N-PT,DIAMONDS PENDANT NECKLACE,PD NECKLES,PT950,0.70ct,315000
81,ABLMTV009OP-WG,DIAMONDS PENDANT NECKLACE,PD NECKLES,K18WG,1.00ct,320000
82,ABLPR0104P-PT,DIAMONDS PENDANT NECKLACE,PD NECKLES,PT900,1.00ct,350000
83,ABLMWAKU-363P-PTBENE07,DIAMONDS PENDANT NECKLACE,PD NECKLES,PT950,0.80ct,285000
84,ABLP62100P-PT,DIAMONDS PENDANT NECKLACE,PD NECKLES,PT900,0.80ct,500000
85,ABLPR0506ME-YG,METAL PIERCE,PIERCE,K18YG,,155000
86,LMTV0515PE-PT,DIAMONDS PIERCE,PIERCE,PT950,0.16/0.16,70000
87,LMTV0468PE-PT,DIAMONDS PIERCE,PIERCE,PT950,0.25/0.25,205000
88,LMTV0620PE-PT,DIAMONDS PIERCE,PIERCE,PT950,0.80/0.80,720000
89,ABLM8197PE-PT,DIAMONDS PIERCE,PIERCE,PT950,0.80/0.80,710000
90,ABLPR060BR-YG,METAL BRACELET,BRACELET,K18YG,,285000
91,ABLPR0501E-PT.WG2,METAL PIERCE,PIERCE,PT/K18,,85000
92,STG-115929,DIAMONDS PNEDANT NECKLACE,PD NECKLES,PT/K18,0.12ct,200000
93,STG-113874,DIAMONDS PNEDANT NECKLACE,PD NECKLES,K18YG,0.20ct,150000
94,STG-114990,DIAMONDS PNEDANT NECKLACE,PD NECKLES,K18YG,0.20ct,230000
95,STG-117893,DIAMONDS PNEDANT NECKLACE,PD NECKLES,K18YG,0.01ct,145000
96,STG-123804,DIAMONDS PNEDANT NECKLACE,PD NECKLES,K18YG,0.20ct,180000
97,FINE-109700,DIAMONDS PNEDANT NECKLACE,PD NECKLES,K18YG,0.03/0.07,185000
98,STG-117888,DIAMONDS PNEDANT NECKLACE,PD NECKLES,K18YG,0.30ct,275000
99,FINE-115921,DIAMONDS PNEDANT NECKLACE,PD NECKLES,K18YG,0.11ct,255000
100,STG-114994,DIAMONDS PNEDANT NECKLACE,PD NECKLES,K18YG,0.20ct,200000
101,STG-121213,DIAMONDS PNEDANT NECKLACE,PD NECKLES,K18YG,0.01ct,235000
102,STG-118697,DIAMONDS PNEDANT NECKLACE,PD NECKLES,K18YG,1.00ct,515000
103,STG-115928,DIAMONDS PNEDANT NECKLACE,PD NECKLES,PT/K18,0.12ct,200000
104,STG-117889,DIAMONDS PNEDANT NECKLACE,PD NECKLES,PT900,0.30ct,220000
105,STG-117932,DIAMONDS PNEDANT NECKLACE,PD NECKLES,PT950,1.00ct,420000
106,STG-117932,DIAMONDS PNEDANT NECKLACE,PD NECKLES,PT950,1.00ct,420000
107,STG-118696,DIAMONDS PNEDANT NECKLACE,PD NECKLES,PT950,0.24ct,520000
108,STG-117881,DIAMONDS PNEDANT NECKLACE,PD NECKLES,PT900,0.10ct,250000
109,STG-115004,DIAMONDS PNEDANT NECKLACE,PD NECKLES,PT900,0.20ct,235000
110,STG-114987,DIAMONDS PNEDANT NECKLACE,PD NECKLES,PT900,0.13ct,170000
